age,balance,job,housing,loan,subscribed
50,-423,blue-collar,yes,no,0
30,2789,retired,yes,no,0
21,2799,admin.,yes,no,0
60,-599,services,no,yes,0
45,2852,admin.,yes,no,0
38,2409,blue-collar,no,no,0
46,4520,admin.,yes,no,0
56,2638,technician,no,no,0
18,3617,services,yes,yes,0
40,2454,services,no,no,0
31,3460,management,no,no,1
22,-1074,management,yes,no,1
19,1257,blue-collar,no,no,0
40,1422,admin.,yes,no,0
46,1013,services,no,no,1
44,2388,management,no,no,0
58,2769,services,yes,yes,0
41,2285,blue-collar,yes,no,0
48,1146,student,yes,no,0
60,29,admin.,no,no,0
52,3694,services,no,no,1
65,2199,blue-collar,yes,no,0
29,-537,management,yes,no,0
58,1113,technician,yes,no,0
54,-1987,management,no,no,0
48,1571,admin.,yes,yes,0
18,1103,services,yes,no,1
46,351,blue-collar,no,yes,0
62,4669,management,yes,no,0
51,-812,admin.,no,no,0
18,2913,admin.,yes,no,0
32,5873,management,yes,no,0
47,3655,admin.,no,no,0
60,1437,blue-collar,yes,no,0
41,-768,student,yes,no,1
62,-1224,student,no,no,0
59,677,retired,no,no,0
31,126,blue-collar,no,yes,0
28,61,services,yes,no,1
64,847,management,yes,no,1
48,1296,blue-collar,yes,no,0
62,2470,management,no,no,0
65,-976,admin.,no,no,0
40,136,retired,yes,no,1
20,1181,services,no,no,0
65,1109,technician,yes,yes,0
48,5173,technician,no,no,0
24,1964,blue-collar,yes,yes,0
45,-1727,technician,yes,no,0
19,2336,management,no,no,1
33,2591,services,no,no,0
36,1250,services,yes,no,0
41,-927,blue-collar,yes,no,1
47,5016,management,no,yes,0
61,-640,technician,yes,no,0
36,2822,blue-collar,no,no,0
56,1900,retired,no,no,0
66,2702,technician,yes,no,0
56,4914,services,yes,no,0
31,2623,unemployed,yes,no,0
53,383,technician,no,no,0
32,3712,retired,yes,no,0
42,238,management,no,yes,0
51,1827,services,yes,no,0
33,-1086,blue-collar,no,yes,0
18,-567,admin.,yes,no,0
61,1603,technician,yes,yes,0
55,2236,admin.,no,no,0
24,-1905,admin.,no,no,0
37,2495,services,yes,no,0
31,-139,management,yes,no,0
68,4059,blue-collar,no,no,0
66,796,management,yes,no,0
53,-747,retired,yes,no,0
40,1652,management,yes,yes,0
20,-332,student,yes,no,0
30,4038,management,no,no,0
22,1501,blue-collar,no,no,0
59,1197,technician,yes,no,0
22,2684,retired,no,no,1
53,-510,management,yes,no,0
67,-1078,student,no,no,0
34,2317,unemployed,yes,no,0
53,-699,blue-collar,yes,no,0
63,-700,blue-collar,no,no,0
40,3174,management,yes,no,0
41,2550,admin.,yes,no,0
28,-1008,services,yes,no,1
40,262,student,no,no,0
63,-307,services,yes,no,0
52,5053,blue-collar,no,no,1
28,3312,management,no,yes,1
45,658,blue-collar,no,no,0
54,2652,retired,yes,no,0
22,-1212,admin.,no,yes,0
57,155,retired,yes,yes,0
28,1710,technician,no,no,0
33,2404,technician,no,no,0
39,1305,technician,yes,no,0
44,1996,blue-collar,no,no,0
65,1657,technician,yes,no,1
29,1173,student,yes,no,0
31,908,student,yes,yes,1
37,647,blue-collar,no,yes,0
62,1964,management,no,no,0
68,2322,retired,no,no,0
41,1897,student,yes,no,1
54,-857,technician,no,no,0
65,-498,admin.,no,no,0
62,2298,retired,no,no,1
53,4443,technician,yes,no,0
46,1805,technician,yes,yes,0
69,677,management,no,no,1
30,1949,blue-collar,yes,no,0
36,-774,student,yes,no,0
55,4118,admin.,yes,no,1
19,1873,management,yes,no,0
44,161,unemployed,yes,no,0
62,1166,unemployed,yes,no,0
27,446,retired,no,yes,0
59,4123,retired,no,no,0
39,1096,blue-collar,yes,no,0
62,1811,unemployed,yes,no,0
51,2647,retired,no,no,0
26,18,services,yes,yes,0
56,1887,technician,no,no,0
20,2049,admin.,no,no,0
30,-1608,services,yes,no,0
64,2005,management,yes,no,0
63,1408,technician,yes,yes,0
20,1760,technician,no,no,0
37,1571,services,yes,no,0
22,2018,admin.,no,no,1
32,4175,unemployed,no,no,0
68,-859,blue-collar,no,no,0
28,816,blue-collar,no,no,0
51,2833,admin.,yes,no,0
59,2462,retired,yes,no,0
63,2419,retired,no,no,0
36,7007,admin.,yes,yes,0
54,2728,blue-collar,yes,no,0
43,3762,technician,yes,no,0
23,886,blue-collar,yes,no,0
29,-486,management,no,no,0
56,871,admin.,yes,no,0
53,2924,services,no,no,1
45,2314,technician,no,no,0
58,2307,technician,yes,no,0
53,1071,technician,no,yes,0
35,752,blue-collar,yes,no,0
33,1140,blue-collar,yes,no,0
67,2949,admin.,yes,yes,0
68,3181,admin.,yes,no,0
19,-512,unemployed,yes,no,0
59,3025,blue-collar,yes,no,0
24,199,blue-collar,yes,no,0
62,2438,blue-collar,yes,no,0
48,1116,management,no,no,0
53,4632,retired,yes,yes,1
54,664,student,no,no,1
49,1857,services,no,yes,0
31,2713,student,no,no,0
59,-248,technician,no,no,0
46,1354,retired,no,no,1
46,967,student,no,no,0
34,472,admin.,no,no,0
18,621,technician,no,no,0
46,3724,blue-collar,yes,no,0
35,303,admin.,no,no,0
52,2633,student,no,yes,0
36,2129,admin.,yes,no,1
68,-1294,management,yes,no,0
53,2538,unemployed,no,no,1
41,-1327,technician,no,no,0
54,2756,technician,yes,no,0
51,486,services,yes,no,0
50,1517,student,yes,no,0
48,-1089,blue-collar,no,no,0
66,1745,blue-collar,no,no,0
34,3354,services,no,yes,1
40,-114,retired,yes,no,0
31,286,blue-collar,yes,no,0
47,2409,technician,no,no,0
69,2459,unemployed,no,no,0
49,-2000,blue-collar,yes,no,0
28,5531,admin.,yes,no,0
65,2557,services,yes,no,0
59,2894,admin.,no,no,1
40,1213,blue-collar,no,no,0
25,-2000,services,yes,no,0
38,2849,management,no,no,1
59,370,technician,no,no,1
48,2588,technician,no,no,1
27,1062,services,yes,no,1
26,1976,management,yes,no,1
68,-50,student,no,no,1
41,3229,student,no,yes,0
53,-877,management,no,no,0
36,5991,retired,no,no,0
22,5976,student,yes,no,0
39,4765,blue-collar,yes,no,0
54,4051,unemployed,yes,yes,0
35,1331,retired,no,no,0
49,3833,blue-collar,yes,no,0
40,1308,admin.,no,no,0
35,-1607,services,no,no,0
31,4506,technician,no,yes,0
31,3758,management,no,no,1
31,1437,services,no,no,1
55,-950,admin.,yes,yes,0
35,328,blue-collar,no,no,1
56,-2000,retired,yes,yes,1
34,3390,admin.,yes,no,1
35,-1707,management,no,no,0
66,2074,blue-collar,no,no,0
63,-187,technician,yes,yes,0
38,-1353,services,yes,yes,0
31,1977,blue-collar,yes,no,0
55,832,management,no,no,0
21,3176,management,no,no,0
41,-1035,admin.,yes,no,0
49,-15,technician,no,no,1
53,-2000,management,no,no,0
23,-2000,management,no,no,1
18,5096,services,yes,no,0
32,5667,management,no,no,0
24,1685,admin.,yes,no,0
44,-148,admin.,yes,no,0
65,903,management,yes,no,0
32,3247,management,yes,no,0
41,471,student,no,no,0
29,1975,blue-collar,yes,no,0
20,1474,technician,yes,no,0
54,362,management,yes,no,0
31,448,blue-collar,yes,no,1
46,2087,technician,no,no,0
53,-454,services,yes,no,0
61,2403,blue-collar,yes,yes,0
27,557,technician,no,no,0
48,1755,blue-collar,yes,yes,0
65,4268,retired,no,yes,0
43,1164,blue-collar,no,no,0
20,3340,blue-collar,no,yes,0
31,-2000,admin.,no,yes,0
59,559,admin.,yes,no,1
59,1555,blue-collar,no,no,1
34,5347,services,no,yes,0
28,-2000,admin.,yes,yes,0
33,1308,blue-collar,no,no,0
30,4413,admin.,yes,no,0
56,-70,technician,no,no,0
61,1074,admin.,no,no,0
20,2163,services,yes,no,0
56,1869,management,no,no,0
57,4632,management,no,no,0
49,2397,blue-collar,no,no,1
63,4156,retired,yes,no,0
20,780,management,no,no,0
54,19,admin.,no,no,0
24,1049,technician,yes,no,1
64,-818,management,no,yes,0
43,2467,blue-collar,no,no,0
22,728,technician,no,yes,0
56,156,services,no,no,0
56,2497,admin.,yes,no,0
42,-787,unemployed,no,no,0
34,3041,blue-collar,no,yes,0
18,543,admin.,yes,no,0
65,3818,admin.,yes,no,0
27,715,technician,yes,no,0
61,2764,retired,no,no,0
48,1859,student,yes,no,0
53,2988,retired,no,no,0
54,1720,services,no,no,0
62,-1827,technician,no,no,0
19,3518,technician,yes,yes,0
69,1325,admin.,no,no,0
20,3079,retired,yes,yes,0
69,2880,technician,no,no,0
31,-47,technician,yes,no,0
61,-330,technician,no,no,0
22,2811,student,yes,no,0
41,894,blue-collar,yes,no,0
46,3373,management,no,no,0
67,1144,management,yes,yes,0
24,3547,student,no,no,0
19,2347,admin.,no,no,0
51,2076,blue-collar,yes,no,0
20,752,technician,yes,no,0
58,1965,retired,no,no,0
19,3886,unemployed,no,no,1
68,1392,services,no,no,0
45,2562,blue-collar,yes,no,1
67,1593,blue-collar,no,no,0
24,1749,services,yes,no,0
32,4947,blue-collar,no,no,0
41,3903,services,no,no,0
19,1659,student,no,no,0
23,1929,technician,yes,no,1
35,96,technician,yes,no,0
56,1154,admin.,yes,no,1
54,2119,blue-collar,yes,yes,0
22,3201,management,yes,yes,0
21,2998,technician,no,no,0
52,-719,blue-collar,yes,yes,0
36,3454,admin.,yes,yes,0
59,1322,admin.,no,no,0
33,-474,management,yes,no,0
36,4173,services,yes,yes,0
29,4427,technician,no,no,0
31,2027,technician,yes,no,0
54,2918,blue-collar,yes,no,1
42,3035,technician,no,no,0
52,4292,admin.,yes,no,0
22,2956,retired,yes,no,0
45,-1155,admin.,yes,no,0
41,5520,technician,yes,yes,1
65,3631,admin.,no,no,1
40,481,student,yes,no,0
23,-559,blue-collar,yes,yes,0
54,2510,retired,yes,yes,0
25,943,admin.,no,no,0
65,2160,student,yes,no,0
37,2987,management,no,no,1
58,367,blue-collar,yes,yes,0
52,-732,blue-collar,no,no,0
42,2272,technician,yes,no,0
48,433,student,yes,no,0
27,1792,retired,yes,no,0
21,-1187,blue-collar,yes,no,0
57,996,technician,no,no,0
67,2930,blue-collar,no,yes,0
62,2712,blue-collar,no,no,1
33,-77,management,yes,no,0
36,-837,technician,no,no,1
36,1532,blue-collar,yes,no,0
54,2622,retired,no,no,0
50,2310,management,no,no,0
59,476,management,no,no,1
67,2096,admin.,no,no,0
38,4505,retired,no,no,0
52,1910,services,no,no,0
44,-1766,technician,yes,no,0
67,1906,admin.,no,no,0
36,5588,retired,yes,no,0
27,-1075,services,yes,no,0
37,1559,student,no,no,0
50,1047,management,yes,no,0
67,1692,student,no,yes,0
61,1889,management,yes,no,1
18,3780,retired,yes,yes,0
44,1670,blue-collar,no,no,0
26,4055,blue-collar,yes,no,0
36,1265,management,no,no,0
67,800,technician,no,no,0
69,162,services,no,no,1
25,-2000,management,yes,no,0
25,2052,services,no,no,1
54,5608,student,yes,no,0
39,2416,blue-collar,yes,no,0
40,2873,retired,yes,no,0
63,674,admin.,yes,no,0
65,1011,services,yes,no,0
64,3469,retired,yes,no,0
58,5517,blue-collar,yes,no,0
68,4476,blue-collar,no,no,1
55,3110,blue-collar,yes,no,0
64,1570,services,yes,no,0
46,1919,technician,yes,no,1
20,-7,admin.,yes,no,0
60,-1396,retired,no,no,0
66,-754,blue-collar,no,no,0
34,1600,services,no,no,0
40,916,services,no,yes,0
47,-1439,admin.,yes,no,0
51,1425,admin.,no,no,0
53,863,unemployed,yes,no,1
38,-846,management,yes,no,0
62,760,admin.,yes,yes,1
60,858,student,yes,no,0
66,267,technician,no,no,0
47,3353,admin.,yes,no,0
22,-2000,management,yes,no,1
61,-2000,technician,yes,no,0
22,1507,blue-collar,no,no,0
28,1692,retired,no,yes,0
32,2308,blue-collar,no,no,0
27,422,blue-collar,no,yes,0
55,-336,blue-collar,no,no,0
40,1485,management,yes,no,0
29,617,management,yes,no,0
18,4602,retired,yes,no,1
29,852,blue-collar,yes,no,0
54,1394,student,no,yes,1
59,6451,services,yes,no,0
33,1110,blue-collar,yes,no,1
21,2612,admin.,no,no,0
46,2793,student,yes,no,0
58,2963,blue-collar,yes,no,0
21,2079,services,yes,no,0
59,1888,services,no,no,0
26,1701,admin.,yes,no,0
31,348,unemployed,yes,no,0
50,2151,student,yes,no,1
20,5557,technician,no,no,0
33,3921,management,yes,no,0
25,2108,technician,yes,no,1
29,3212,management,no,no,0
58,-238,blue-collar,no,no,0
29,979,technician,yes,no,0
20,3396,blue-collar,yes,no,0
29,4474,technician,yes,yes,1
22,-42,technician,no,no,1
50,533,blue-collar,yes,no,0
68,5863,unemployed,no,no,0
26,1693,admin.,no,no,0
55,5147,admin.,no,no,0
36,1914,technician,yes,no,0
21,1992,services,no,no,1
53,889,blue-collar,no,no,0
28,3385,services,no,no,0
44,4216,management,yes,no,0
44,-570,admin.,no,no,1
49,795,unemployed,no,no,0
25,3330,blue-collar,no,yes,0
31,1241,management,no,no,0
56,513,admin.,yes,no,0
66,3519,management,yes,yes,0
18,3707,student,no,no,0
39,601,admin.,no,no,0
63,1925,blue-collar,no,no,0
32,-917,blue-collar,yes,no,0
41,-291,admin.,yes,no,0
65,1748,unemployed,no,no,0
68,1563,services,no,no,0
52,-434,services,yes,no,0
54,68,unemployed,yes,no,0
49,-630,student,no,no,0
32,2410,student,yes,no,0
64,-2000,blue-collar,yes,no,0
19,-523,blue-collar,yes,no,0
21,-2000,blue-collar,yes,no,1
49,2338,technician,yes,no,0
61,-2000,technician,no,no,0
60,1563,blue-collar,no,yes,1
53,4779,technician,no,yes,0
37,4847,technician,no,no,0
36,-2000,blue-collar,yes,no,0
40,2097,blue-collar,yes,no,0
31,-478,technician,yes,yes,0
39,-886,technician,yes,no,0
23,1273,management,no,no,0
34,3957,management,yes,no,1
66,2699,blue-collar,no,no,0
54,70,admin.,yes,no,0
25,2910,blue-collar,yes,no,0
32,-2000,blue-collar,yes,no,0
31,-6,technician,yes,no,1
32,-148,unemployed,no,no,0
53,1657,blue-collar,no,no,0
64,1094,blue-collar,yes,no,0
54,1217,management,no,no,0
43,1151,technician,no,no,0
26,1545,admin.,yes,no,0
25,2580,blue-collar,yes,no,0
60,1799,retired,yes,no,0
53,931,admin.,yes,no,1
44,2303,services,no,no,1
48,3152,student,yes,yes,0
62,388,blue-collar,yes,no,1
60,1381,management,no,no,0
22,3824,blue-collar,yes,no,0
38,-706,blue-collar,no,no,0
20,5109,blue-collar,yes,no,0
38,-1178,unemployed,yes,yes,0
51,809,blue-collar,yes,no,1
28,-400,blue-collar,yes,yes,0
25,5876,retired,yes,no,0
43,493,blue-collar,no,no,0
45,498,retired,no,no,0
55,759,management,no,no,0
18,1691,services,yes,no,0
30,843,management,no,no,0
58,1234,management,yes,yes,0
53,-2000,admin.,no,no,1
64,1614,unemployed,no,no,0
60,1536,retired,no,no,1
61,3577,retired,yes,yes,1
44,4118,services,no,yes,0
67,1125,services,no,no,0
39,3132,services,yes,no,1
64,-703,admin.,no,no,1
38,3035,technician,yes,no,0
41,355,services,yes,no,0
53,-869,management,no,no,1
38,1129,blue-collar,no,no,0
25,4301,technician,yes,no,0
64,1862,services,yes,no,0
41,4493,technician,yes,no,0
66,3,unemployed,yes,no,1
38,3596,management,yes,no,0
68,196,admin.,yes,no,0
49,1951,admin.,no,no,0
57,1933,management,yes,no,0
57,2823,technician,yes,no,0
28,2001,student,yes,no,0
60,22,blue-collar,yes,no,0
67,3261,admin.,yes,no,0
52,4963,technician,yes,no,0
67,332,management,yes,no,0
61,-2000,unemployed,yes,yes,0
52,2499,retired,no,no,0
42,838,technician,no,no,0
62,1238,student,yes,yes,0
27,2612,admin.,yes,yes,0
47,587,services,yes,no,0
60,962,retired,yes,no,0
67,1300,technician,no,no,0
31,4440,unemployed,no,yes,0
22,1560,blue-collar,yes,no,0
35,-971,admin.,yes,no,0
62,-892,services,yes,no,0
45,1778,retired,yes,no,0
20,-759,blue-collar,no,no,0
24,-1625,student,yes,yes,0
35,2771,blue-collar,yes,no,0
35,2869,management,yes,no,0
25,764,services,yes,no,0
43,2087,blue-collar,yes,no,0
42,1876,management,yes,no,0
28,2705,management,yes,no,1
30,2709,technician,yes,no,0
52,-2000,blue-collar,no,no,1
67,1019,blue-collar,yes,yes,1
69,2536,unemployed,yes,no,0
47,679,management,no,no,0
20,1572,student,yes,no,1
64,3001,management,no,no,0
67,1662,student,no,no,0
32,4516,blue-collar,yes,no,0
38,3754,technician,yes,no,0
19,1263,management,no,yes,1
59,1104,admin.,yes,no,0
58,-2000,blue-collar,yes,no,1
19,847,services,no,no,0
54,-1207,retired,yes,no,1
39,1942,management,no,no,0
46,1806,admin.,no,no,0
29,2892,unemployed,no,no,0
60,4293,blue-collar,no,no,1
39,1447,blue-collar,no,no,1
61,6061,unemployed,yes,no,0
25,1965,management,no,yes,0
48,-1120,retired,no,no,1
34,376,student,no,no,0
68,755,management,no,no,1
46,2684,blue-collar,no,yes,0
55,-394,blue-collar,yes,no,1
22,904,retired,no,no,0
53,1178,retired,yes,no,0
23,604,technician,yes,no,0
36,3123,technician,yes,yes,0
29,2783,blue-collar,no,no,0
18,3833,blue-collar,no,no,0
48,838,retired,yes,no,0
30,3905,admin.,yes,no,0
44,-1228,technician,yes,no,0
57,-1277,retired,yes,no,0
27,-928,services,yes,no,0
54,1518,technician,no,yes,0
33,3905,blue-collar,yes,no,1
35,296,admin.,yes,no,0
48,547,blue-collar,yes,no,0
50,1068,admin.,yes,no,0
52,2646,blue-collar,no,no,0
28,545,blue-collar,yes,no,0
48,433,blue-collar,yes,no,0
31,-1191,admin.,no,no,0
32,357,unemployed,yes,yes,0
67,3855,blue-collar,no,no,1
23,1682,technician,no,no,0
39,20,retired,no,no,0
40,3972,admin.,no,no,0
30,330,technician,yes,no,0
58,4340,student,yes,no,0
43,4307,services,yes,no,0
55,1612,blue-collar,yes,no,0
38,-1497,management,yes,no,0
64,6079,management,yes,no,0
55,2275,technician,yes,no,0
35,852,admin.,yes,no,0
68,3412,admin.,no,no,0
62,2905,student,yes,no,0
48,4122,blue-collar,yes,yes,0
18,175,blue-collar,yes,no,0
48,2137,technician,no,no,0
53,-872,retired,yes,no,0
36,2833,admin.,no,no,0
25,1454,admin.,yes,no,0
47,2062,technician,yes,yes,0
59,1207,management,no,no,0
34,998,technician,yes,no,0
41,-236,retired,yes,no,0
18,3081,admin.,yes,no,0
54,4479,technician,yes,no,1
63,387,technician,yes,no,0
58,2607,technician,yes,no,0
40,2364,technician,yes,yes,0
20,1516,student,no,no,0
43,-1553,blue-collar,yes,no,0
66,-1103,management,yes,no,0
22,-62,blue-collar,no,no,0
29,-2000,services,yes,no,0
61,4316,technician,no,no,1
47,2235,services,yes,no,0
26,1440,admin.,no,no,0
19,-2000,unemployed,no,no,0
39,-2000,retired,yes,no,0
48,1495,student,no,no,0
61,5441,retired,no,no,1
63,103,blue-collar,no,no,0
41,3228,technician,yes,no,0
39,540,blue-collar,yes,no,0
66,1610,retired,yes,no,0
58,3929,blue-collar,no,no,0
28,808,blue-collar,yes,no,0
53,120,management,yes,no,0
55,4336,admin.,no,no,0
30,1591,management,yes,no,0
68,3682,blue-collar,no,no,1
33,130,management,yes,no,0
46,4313,retired,no,no,0
43,2047,services,yes,no,0
53,2370,blue-collar,yes,no,0
64,1763,admin.,yes,no,1
38,489,admin.,yes,no,0
37,1497,admin.,yes,no,0
57,615,services,yes,yes,0
67,3419,technician,no,no,1
65,1094,blue-collar,yes,no,1
57,-1493,blue-collar,yes,no,0
54,-1859,retired,yes,no,0
57,-1953,admin.,yes,no,0
66,2736,blue-collar,no,no,0
18,-803,technician,yes,no,0
48,2100,admin.,no,no,0
19,1773,retired,no,no,0
48,1371,admin.,no,no,1
38,2377,management,no,no,0
33,1817,services,yes,no,0
64,-2000,student,no,no,0
54,853,management,no,no,0
47,2350,management,no,no,0
63,4781,technician,yes,no,1
23,4873,technician,yes,no,0
51,-1226,management,no,no,0
26,801,services,yes,no,1
30,-1632,technician,no,no,1
27,4540,blue-collar,yes,no,0
46,3526,blue-collar,yes,no,0
50,2201,technician,yes,no,0
57,1832,admin.,yes,no,1
40,4261,technician,yes,no,0
66,3923,admin.,no,yes,0
37,3816,services,no,no,0
26,2413,management,no,no,0
19,802,services,no,no,0
24,3034,management,no,no,0
41,3132,admin.,yes,no,0
39,1119,admin.,no,no,0
62,798,management,no,no,0
24,3767,student,no,no,0
31,4828,management,yes,no,0
68,1,management,no,no,0
19,973,management,yes,no,0
40,2202,management,yes,no,1
28,2473,management,no,no,0
45,455,management,no,no,0
68,5267,admin.,yes,no,0
29,2344,admin.,yes,no,0
37,2563,technician,no,no,1
41,5018,services,yes,no,0
59,602,management,yes,no,1
69,1323,blue-collar,no,no,0
23,-1007,blue-collar,no,no,0
43,1155,student,yes,yes,0
57,-1478,blue-collar,yes,no,0
18,2996,student,yes,yes,0
59,2340,blue-collar,yes,no,0
30,946,technician,no,no,0
44,1299,technician,no,no,0
68,3023,blue-collar,yes,no,1
51,-772,admin.,yes,no,0
69,1908,blue-collar,yes,no,0
49,2899,blue-collar,yes,no,0
28,-2000,blue-collar,yes,no,0
54,2870,student,yes,no,1
49,-1848,admin.,no,yes,0
34,1265,technician,yes,no,0
21,-827,admin.,no,no,0
51,4362,retired,yes,no,1
48,-814,student,no,yes,0
58,-1800,unemployed,no,no,0
24,1767,retired,yes,yes,0
46,673,blue-collar,yes,no,0
60,-1509,management,no,no,0
64,2552,blue-collar,yes,no,0
66,-2000,retired,yes,no,0
29,-572,technician,yes,no,0
26,350,technician,no,no,0
47,3104,retired,yes,no,0
42,4091,student,yes,no,0
30,3706,unemployed,yes,no,0
23,1193,admin.,no,no,0
25,-2000,blue-collar,yes,no,0
35,2282,blue-collar,no,no,0
56,4441,technician,no,no,1
21,3968,technician,yes,yes,0
23,2426,blue-collar,yes,no,0
31,-879,student,no,no,1
63,449,blue-collar,no,no,0
69,5368,management,yes,no,0
40,-1333,retired,yes,no,0
20,-796,services,yes,yes,0
18,3385,technician,yes,no,0
62,638,blue-collar,yes,no,0
41,-864,blue-collar,yes,no,0
22,4556,management,yes,yes,0
61,2422,technician,no,no,0
45,736,admin.,no,no,0
36,-792,unemployed,no,no,0
41,5595,management,no,no,0
29,1451,student,no,no,1
66,4295,technician,yes,yes,0
58,3287,unemployed,no,yes,0
28,458,blue-collar,yes,yes,0
56,474,blue-collar,yes,no,0
27,4393,retired,no,no,0
41,4425,retired,no,no,0
56,-2000,technician,yes,yes,0
19,2600,blue-collar,no,no,1
55,1258,blue-collar,yes,no,0
29,-567,management,yes,no,0
54,2023,student,yes,no,0
43,-1199,technician,yes,no,0
19,567,admin.,no,no,0
57,-97,management,yes,no,0
31,500,management,yes,no,0
67,1357,technician,no,no,0
61,-531,services,yes,no,0
28,4646,unemployed,yes,no,0
49,2487,blue-collar,yes,no,0
36,5089,services,yes,no,0
49,1180,services,yes,no,0
46,402,services,no,no,0
33,5017,retired,no,no,1
51,344,services,yes,no,0
31,1143,technician,yes,no,0
65,2940,blue-collar,yes,no,0
67,-975,management,no,no,0
26,2923,blue-collar,yes,no,0
55,2667,admin.,yes,no,0
66,4039,technician,no,no,1
24,3280,services,no,no,0
56,4100,unemployed,yes,no,1
66,1279,management,yes,no,0
29,-225,student,yes,no,0
48,5720,technician,no,no,1
59,-1553,technician,yes,no,0
35,-1353,unemployed,yes,no,0
30,2630,technician,no,no,0
38,4750,student,yes,no,0
35,1879,services,yes,yes,0
55,3499,blue-collar,no,yes,0
37,-2000,services,yes,no,0
37,501,blue-collar,no,yes,0
67,-2000,admin.,no,yes,0
48,3061,blue-collar,yes,no,0
66,-1594,blue-collar,no,no,0
54,-1056,technician,no,no,0
64,2528,retired,no,no,0
28,3624,technician,no,no,0
66,1182,student,yes,yes,0
67,2640,services,yes,no,0
20,2576,admin.,no,no,0
36,1069,blue-collar,yes,no,0
39,-689,retired,yes,no,0
39,2630,services,yes,no,0
58,2726,retired,yes,no,0
54,3288,blue-collar,no,no,0
29,2124,management,no,no,0
49,-837,management,no,no,0
68,2881,unemployed,yes,no,0
40,1497,admin.,yes,no,0
66,535,unemployed,no,no,0
51,911,technician,yes,no,1
66,119,student,no,yes,0
64,3278,services,no,no,0
18,-1336,services,yes,no,1
59,-487,technician,yes,no,0
27,842,student,no,no,0
60,4728,blue-collar,yes,no,0
60,3609,technician,no,yes,0
31,-1782,services,no,no,0
21,4203,management,yes,yes,0
39,4199,technician,no,no,0
33,-848,management,yes,no,0
46,-2000,technician,yes,no,0
22,1356,management,no,no,0
20,3745,management,no,no,0
40,4683,management,no,no,1
58,-242,student,no,no,0
34,5004,services,yes,no,1
34,-2000,blue-collar,yes,no,0
26,764,management,yes,no,0
32,666,admin.,yes,no,0
33,3805,blue-collar,yes,yes,0
31,4097,student,yes,yes,0
35,3408,technician,no,no,0
32,-1201,technician,yes,no,0
53,3225,unemployed,no,yes,0
35,2518,blue-collar,no,no,0
57,-1842,admin.,no,no,0
49,-2000,admin.,yes,no,1
51,3576,blue-collar,no,yes,0
48,1140,management,no,no,0
65,-1070,management,yes,yes,0
31,1084,services,yes,no,0
69,2228,blue-collar,yes,yes,0
28,1334,services,no,no,0
25,-1604,admin.,no,no,0
60,5271,management,yes,yes,0
64,3508,services,no,no,1
22,829,admin.,yes,no,0
49,910,student,yes,no,0
44,2219,management,no,no,0
29,-759,blue-collar,no,no,0
45,2145,services,no,no,1
53,-1161,services,yes,no,0
47,1359,blue-collar,yes,no,0
45,-837,blue-collar,yes,no,0
64,-736,management,yes,no,0
29,4791,retired,yes,yes,1
50,1618,services,no,no,0
34,1915,services,no,yes,0
68,-2000,management,yes,no,0
31,306,technician,yes,no,0
63,2422,admin.,yes,no,0
50,1888,technician,yes,yes,0
29,-2000,retired,no,no,0
57,1914,student,yes,no,0
30,2233,retired,no,no,0
31,4068,blue-collar,yes,no,0
35,190,technician,yes,yes,0
53,-2000,services,no,yes,0
38,-494,blue-collar,yes,no,1
47,-694,blue-collar,yes,no,0
46,2973,student,no,no,0
28,-2000,management,yes,no,0
30,603,management,yes,no,0
33,4352,blue-collar,yes,no,0
29,1514,technician,yes,no,0
65,3293,admin.,yes,no,0
37,-1784,blue-collar,yes,yes,0
39,-1704,technician,no,no,0
52,4374,blue-collar,no,no,0
58,1702,unemployed,yes,no,0
53,1707,technician,yes,no,0
46,-736,admin.,yes,no,0
68,1702,admin.,yes,no,0
64,-792,management,yes,no,0
28,3874,blue-collar,no,no,0
26,6956,blue-collar,yes,no,0
38,2468,technician,yes,yes,0
61,230,blue-collar,no,no,0
68,-2000,services,no,no,0
54,-1869,technician,yes,no,0
53,4610,admin.,yes,no,0
30,-558,student,no,no,0
48,758,technician,yes,no,0
27,2811,services,no,yes,0
46,4465,admin.,no,no,0
28,1101,services,yes,no,0
21,691,blue-collar,yes,yes,0
68,1643,technician,yes,no,0
64,245,blue-collar,yes,no,0
53,352,unemployed,yes,yes,0
50,2324,blue-collar,no,no,0
30,1871,retired,no,no,0
47,5763,retired,no,no,0
56,2378,technician,no,no,0
46,3802,blue-collar,no,no,0
32,-643,technician,yes,no,0
38,2550,unemployed,yes,no,0
61,54,services,no,no,0
31,2291,services,no,no,0
67,2877,admin.,yes,no,0
57,1600,student,no,no,0
64,6315,admin.,yes,no,0
44,4356,admin.,yes,yes,0
29,3854,blue-collar,no,no,1
19,3029,technician,yes,no,0
45,5027,retired,yes,no,0
38,-1374,student,no,yes,0
23,4241,blue-collar,no,no,0
66,-482,technician,yes,no,0
68,371,student,no,no,1
37,2623,services,yes,yes,0
52,3966,blue-collar,no,yes,0
39,-807,technician,yes,no,1
43,475,services,no,no,1
50,1695,unemployed,no,no,1
39,1127,management,yes,no,0
59,3208,admin.,yes,no,0
27,8372,management,yes,no,0
52,2339,blue-collar,no,no,0
69,30,retired,no,no,0
62,-1093,technician,no,no,0
20,849,blue-collar,no,no,0
23,-380,technician,yes,no,0
50,2435,blue-collar,no,no,0
66,2404,blue-collar,yes,no,0
61,574,services,no,yes,0
65,5470,management,yes,yes,0
25,29,student,no,no,0
44,1261,technician,yes,no,0
55,2778,admin.,yes,no,0
50,3284,technician,yes,no,0
58,4055,technician,no,no,0
29,2357,blue-collar,yes,no,0
41,3602,retired,yes,no,0
41,170,unemployed,yes,yes,0
66,3336,admin.,yes,no,1
28,3309,student,no,no,1
34,4526,management,no,no,0
19,-1837,blue-collar,no,no,0
25,-314,services,no,no,0
69,3146,blue-collar,yes,no,1
62,-2000,admin.,yes,no,1
31,2484,unemployed,no,no,0
54,3620,services,no,no,1
48,347,blue-collar,yes,no,0
65,640,technician,no,no,0
33,-648,unemployed,yes,no,0
69,457,technician,yes,yes,0
37,515,retired,yes,no,1
55,134,retired,no,no,0
38,25,technician,no,no,0
52,958,management,yes,no,0
35,934,management,no,no,0
61,5248,management,no,no,0
51,712,technician,yes,no,1
33,2188,admin.,no,no,0
67,346,blue-collar,yes,no,0
54,321,services,yes,no,0
40,-1909,management,yes,yes,0
25,-1643,management,yes,no,0
68,-914,services,yes,no,0
57,1867,admin.,yes,no,0
52,3652,admin.,yes,no,0
61,-2000,student,no,yes,0
49,402,services,no,no,0
30,-1234,student,yes,no,0
30,971,blue-collar,yes,no,0
22,3652,technician,yes,no,0
21,606,retired,no,no,0
55,1405,blue-collar,no,no,1
62,4410,admin.,yes,no,0
26,2416,management,no,no,1
47,-20,services,no,no,0
24,1818,unemployed,no,no,0
39,-155,retired,yes,no,0
59,2341,management,yes,no,0
60,2531,admin.,no,no,0
67,-1234,technician,yes,no,0
34,1850,retired,yes,no,0
67,1265,technician,yes,yes,0
58,2589,unemployed,yes,no,0
35,3163,management,no,yes,0
35,2455,admin.,no,yes,0
23,894,technician,yes,no,0
65,3367,management,no,no,0
28,-246,admin.,yes,no,0
31,-1141,technician,no,no,0
39,-2000,management,yes,no,0
25,1360,blue-collar,no,no,0
59,-143,technician,no,no,0
54,2296,management,no,no,0
26,-2000,management,no,no,0
26,206,technician,yes,no,0
19,2441,unemployed,no,no,0
67,-560,retired,no,no,0
40,2319,technician,yes,no,0
52,386,blue-collar,no,no,0
25,1434,management,yes,no,0
30,2690,blue-collar,yes,no,0
46,3406,student,no,no,0
28,1685,services,yes,no,0
49,-128,technician,yes,no,0
66,584,services,yes,no,0
33,2774,services,no,no,0
49,-543,retired,no,no,0
65,1144,blue-collar,yes,yes,0
64,728,retired,no,no,0
18,1293,admin.,no,no,1
23,-519,management,no,no,0
69,-2000,retired,no,no,0
66,2541,technician,no,no,0
34,3428,admin.,yes,no,0
45,-2000,student,yes,no,0
47,2238,student,no,no,0
52,3666,blue-collar,yes,yes,0
57,2692,technician,yes,no,0
37,667,student,yes,no,0
64,-387,blue-collar,yes,no,0
21,1662,services,no,no,1
19,1996,technician,yes,no,0
67,1692,blue-collar,no,no,0
27,1140,student,no,no,0
69,-665,blue-collar,yes,yes,0
32,2345,retired,yes,no,0
36,2442,services,yes,yes,0
19,1902,technician,yes,no,0
67,1722,technician,yes,no,0
36,4858,technician,no,no,0
26,251,student,yes,yes,0
43,4063,management,yes,yes,0
26,32,management,yes,no,0
59,3718,technician,yes,no,0
21,3967,blue-collar,yes,yes,0
43,914,admin.,no,no,1
38,4822,management,yes,no,0
19,2438,technician,yes,yes,0
20,-255,technician,no,no,0
44,752,technician,no,no,0
38,3766,technician,no,no,0
24,3346,management,yes,no,1
25,-616,services,no,no,0
59,1221,unemployed,yes,yes,0
55,1907,blue-collar,no,no,0
49,485,services,yes,no,0
61,6216,admin.,no,no,1
21,1967,student,no,no,0
53,1376,services,no,no,0
57,3882,technician,yes,no,0
28,770,student,no,no,0
45,3515,technician,no,no,0
57,-1835,blue-collar,yes,no,0
49,593,technician,yes,no,0
30,3598,admin.,yes,no,0
52,4640,retired,yes,no,0
57,-47,management,no,no,0
18,-280,management,yes,no,0
47,2635,retired,no,no,0
44,254,student,no,no,0
37,963,technician,no,no,0
20,3253,admin.,no,no,1
22,412,technician,no,no,0
57,-2000,retired,yes,no,0
61,-1102,retired,yes,no,1
39,1520,management,no,no,0
66,-2000,blue-collar,no,no,0
66,906,blue-collar,yes,no,0
52,-1284,retired,no,no,1
48,4780,blue-collar,no,no,0
68,5830,services,yes,no,0
49,-616,technician,no,no,0
66,2014,blue-collar,no,no,0
68,-421,management,yes,no,0
28,881,unemployed,yes,no,0
52,5107,management,yes,no,1
56,567,technician,no,no,0
60,928,technician,yes,no,0
36,-385,retired,no,no,0
62,3792,services,no,yes,0
43,-2000,technician,no,yes,0
38,614,management,yes,yes,0
26,1408,blue-collar,yes,no,1
34,178,admin.,yes,no,0
68,3227,retired,yes,no,0
55,3904,services,yes,no,0
55,-1324,blue-collar,yes,yes,0
64,5687,blue-collar,yes,no,1
31,-1347,unemployed,no,yes,0
52,4077,services,yes,yes,0
37,1800,services,yes,yes,0
62,493,admin.,no,no,0
39,681,unemployed,yes,no,0
62,1433,retired,no,no,0
56,1917,services,no,yes,0
58,-340,blue-collar,yes,no,1
66,1032,management,no,no,1
59,-41,student,no,no,1
34,-930,student,no,yes,0
45,-135,unemployed,yes,no,0
42,-800,services,yes,no,0
21,660,blue-collar,yes,no,0
48,2365,technician,no,no,0
40,1741,student,yes,no,0
38,5449,blue-collar,yes,no,1
23,-2000,blue-collar,yes,yes,0
44,2439,management,yes,yes,0
48,1513,technician,yes,no,0
23,3131,student,yes,yes,0
51,2933,blue-collar,no,no,1
26,1170,blue-collar,yes,no,0
25,1845,blue-collar,yes,no,0
38,12,management,yes,yes,1
38,2727,management,yes,no,0
65,-2000,technician,no,no,0
21,3054,technician,yes,no,0
36,1454,blue-collar,no,no,0
56,526,management,no,no,0
30,1035,unemployed,no,no,0
69,1182,management,no,no,1
56,4095,blue-collar,yes,no,0
67,7967,services,no,yes,0
67,3940,blue-collar,yes,no,0
23,369,admin.,no,no,0
41,2760,blue-collar,yes,yes,0
56,2847,admin.,yes,no,0
18,-350,blue-collar,yes,no,0
41,-1022,student,no,yes,0
53,1373,blue-collar,no,no,0
59,3115,management,yes,no,0
39,-1724,retired,yes,yes,0
62,58,services,yes,no,0
53,2645,technician,no,no,0
20,1583,management,yes,no,0
32,4333,admin.,yes,no,0
66,-1323,technician,no,no,0
18,6204,technician,no,no,0
23,-1576,student,no,no,1
35,-2000,student,no,no,0
69,1382,student,no,no,0
54,-769,management,yes,no,0
25,1422,services,yes,no,0
38,1353,student,no,no,0
66,1108,retired,yes,yes,1
29,-185,technician,no,no,0
47,2365,unemployed,yes,no,0
42,865,retired,yes,no,0
57,3707,technician,yes,no,0
57,1139,admin.,no,no,0
61,-429,blue-collar,no,no,0
24,-1875,management,yes,no,0
41,1156,admin.,yes,no,0
53,-1038,technician,yes,yes,0
39,-1200,services,yes,no,0
52,2555,retired,yes,no,1
51,-2000,student,no,no,0
37,4324,management,yes,yes,0
23,1819,technician,yes,no,0
68,1412,blue-collar,yes,no,0
60,-570,management,yes,no,0
64,3029,blue-collar,yes,no,0
33,1494,services,no,no,0
34,128,unemployed,no,no,0
34,1900,services,no,no,0
19,-1866,management,yes,no,0
26,-1771,management,no,yes,0
34,-740,student,no,no,1
69,2199,technician,no,yes,0
28,1493,technician,no,yes,0
44,3598,blue-collar,yes,yes,0
46,-340,services,no,yes,0
36,2649,blue-collar,no,no,1
65,1272,technician,no,no,0
22,-386,management,no,no,0
63,2271,admin.,no,no,0
56,1368,services,yes,no,0
33,242,blue-collar,no,no,0
57,1584,blue-collar,no,no,0
40,1241,admin.,no,no,0
68,1193,blue-collar,no,no,0
19,675,unemployed,yes,no,0
19,-1110,unemployed,yes,no,0
46,1650,management,yes,no,0
66,-105,services,no,no,1
21,-541,management,no,no,0
58,1019,retired,no,yes,1
66,2968,technician,no,no,0
43,1871,admin.,no,no,0
63,438,management,yes,no,1
57,357,unemployed,no,no,1
29,2772,blue-collar,no,yes,1
62,-2000,technician,no,no,1
54,3095,technician,no,yes,0
18,-2000,technician,no,no,0
47,-1331,management,yes,no,0
52,471,technician,no,no,0
59,5840,retired,yes,no,0
58,4855,student,yes,yes,1
42,2913,admin.,yes,no,0
33,2213,student,yes,no,0
27,-2000,management,yes,no,0
22,1814,technician,no,yes,0
51,402,technician,yes,no,1
67,-133,student,yes,no,0
22,1810,technician,yes,no,0
